pipeline,category,slug,arch,variant,window_s,tasks,modality_dropped,cv_scheme,n_folds,n_seeds,exercise_f1_mean,exercise_f1_std,phase_f1_mean,phase_f1_std,fatigue_mae_mean,fatigue_mae_std,fatigue_pearson_mean,fatigue_pearson_std,reps_mae_mean,reps_mae_std,val_total_mean,val_total_std
v17_features,rf_baseline,v17rf_loso_20260507_180755,RandomForest,features,-,all 4 (separate models),none,GroupKFold-5 (subject-wise LOSO),10,1,0.568983895740142,0.13772918487621813,0.485952254044954,0.02720336873016082,0.992551990493167,0.2082747840870339,0.18961006687440718,-,2.604349887766554,0.8641371202430793,-,-
v17_features,ablation,v17abl-drop_acc-lstm-w1s,lstm,features,1,all 4,acc,LOSO 10-fold,10,3,0.1720145428708246,0.1045147220472768,0.23579758157492706,0.03644292309436928,1.0698096869554716,0.25829182971303494,0.12436087832288463,0.3508718758920912,0.2121216506118339,0.03946934018288201,-0.14819485394743592,0.3116631181776348
v17_features,ablation,v17abl-drop_acc-lstm-w2s,lstm,features,2,all 4,acc,LOSO 10-fold,10,3,0.19535103041735133,0.08868591024508697,0.26166787660692775,0.04955718231000445,0.9871761887443411,0.2117503197545226,0.16726254613179828,0.34476334809066833,0.20946165282413787,0.03758544207914954,-0.20702250838050582,0.2667676621467049
v17_features,ablation,v17abl-drop_acc-lstm-w5s,lstm,features,5,all 4,acc,LOSO 10-fold,10,3,0.12323075042027165,0.01452147285852397,0.2168465185467513,0.016026714712923693,1.0992377620667635,0.24482597862459873,0.05964891611955971,0.28919237269719217,0.21734806555347902,0.04761918042345264,0.15572420954704286,0.12827441285400576
v17_features,ablation,v17abl-drop_acc-mlp-w1s,mlp,features,1,all 4,acc,LOSO 10-fold,10,3,0.35377394086204006,0.11301594481165482,0.3312083487375966,0.0340146338793532,1.155706098982303,0.22542783030221383,0.20576521343511248,0.30563022002171725,0.21369405127973476,0.039457424004459965,-0.05771591382617088,0.33063178796651854
v17_features,ablation,v17abl-drop_acc-mlp-w2s,mlp,features,2,all 4,acc,LOSO 10-fold,10,3,0.3485971207974275,0.1361406777623009,0.3287410473388449,0.03779874582206864,1.2322572673412457,0.256457813355072,0.16258834747327408,0.2506427576669015,0.21238535980610612,0.03743191849912644,-0.13359734553559247,0.26843696418716434
v17_features,ablation,v17abl-drop_acc-mlp-w5s,mlp,features,5,all 4,acc,LOSO 10-fold,10,3,0.34825054017473894,0.13884480124913248,0.32706537578721845,0.046939205250315086,1.2785993146225594,0.27948313664379937,0.1477681223900354,0.25680748659492747,0.21935201815633007,0.04602564960285927,0.10743754307428996,0.16029855913053673
v17_features,ablation,v17abl-drop_emg-lstm-w1s,lstm,features,1,all 4,emg,LOSO 10-fold,10,3,0.22216706766925093,0.1580170996966313,0.24182234438244044,0.04775429584167991,1.0673378280086707,0.25570774645603667,0.23935240083569675,0.2434660510200303,0.20974307202932846,0.042370785834681915,-0.19368676254600145,0.3258885825868186
v17_features,ablation,v17abl-drop_emg-lstm-w2s,lstm,features,2,all 4,emg,LOSO 10-fold,10,3,0.2609370829194557,0.17176949446144463,0.25312531517575054,0.045029987820151204,0.973878668365769,0.2109404878351393,0.22551169651785172,0.2930378744439083,0.20835365606302225,0.03930213136770635,-0.2721362747422594,0.2827212593065963
v17_features,ablation,v17abl-drop_emg-lstm-w5s,lstm,features,5,all 4,emg,LOSO 10-fold,10,3,0.12526632753183176,0.019377199996132168,0.2154106297795469,0.015457959758349096,1.091836639346638,0.2619604519851429,0.1810466639068483,0.24616887570596815,0.2161113874860983,0.046397249067159536,0.15184741020202636,0.12885574831525132
v17_features,ablation,v17abl-drop_emg-mlp-w1s,mlp,features,1,all 4,emg,LOSO 10-fold,10,3,0.5163760751403556,0.14564198973331632,0.32972169740704044,0.038294230560793674,1.153786464344153,0.1979671146210744,0.18374196772469953,0.28723979766372293,0.21021423695866007,0.03894147843059507,-0.2504187295033689,0.38815112655102596
v17_features,ablation,v17abl-drop_emg-mlp-w2s,mlp,features,2,all 4,emg,LOSO 10-fold,10,3,0.5283999522871433,0.12993322952892972,0.3247160897970565,0.037575962834718424,1.236824684372405,0.24292841790493663,0.1381218489223011,0.23622027566817025,0.21094349137313737,0.037977185311321424,-0.26294274867558465,0.31699042159277163
v17_features,ablation,v17abl-drop_emg-mlp-w5s,mlp,features,5,all 4,emg,LOSO 10-fold,10,3,0.507811618755569,0.12976187369218437,0.3328264329265208,0.04738075505788616,1.2782771312336372,0.2613366318928777,0.16012897416037136,0.2673689117071204,0.21670405503447665,0.044663368712533236,-0.038455102841059366,0.22391866697267854
v17_features,ablation,v17abl-drop_ppg-lstm-w1s,lstm,features,1,all 4,ppg,LOSO 10-fold,10,3,0.1411415803443016,0.0460791755674367,0.2216113616545666,0.02224850973232419,1.0628673566165552,0.2819387907005651,0.06525320690107038,0.20996562194572974,0.2111851598234943,0.04107379744745742,-0.16328747249323616,0.3187768572856549
v17_features,ablation,v17abl-drop_ppg-lstm-w2s,lstm,features,2,all 4,ppg,LOSO 10-fold,10,3,0.12950901503970266,0.028782278789503724,0.2256993404537581,0.025166218305632402,0.9823662640807693,0.23777390686338673,0.05848651788258371,0.17193511414491539,0.2092597622306919,0.0379820117531632,-0.21700802769069974,0.25443632652959614
v17_features,ablation,v17abl-drop_ppg-lstm-w5s,lstm,features,5,all 4,ppg,LOSO 10-fold,10,3,0.12323075042027165,0.01452147285852397,0.2168465185467513,0.016026714712923693,1.1075730463111664,0.2604510473232017,-0.004659371662946559,0.1867393964566736,0.21695728198774375,0.047655931528248284,0.15583521922429402,0.12950564374961826
v17_features,ablation,v17abl-drop_ppg-mlp-w1s,mlp,features,1,all 4,ppg,LOSO 10-fold,10,3,0.5162793789984347,0.10388510916870689,0.3391503444743495,0.028443542715831167,1.180584614130437,0.19665753720932092,0.12773015219375283,0.2895257003716989,0.20904796065984083,0.04017347610305406,-0.26453745774914267,0.33856097630711834
v17_features,ablation,v17abl-drop_ppg-mlp-w2s,mlp,features,2,all 4,ppg,LOSO 10-fold,10,3,0.5282017404302078,0.09914505149473687,0.33304268234858686,0.04052800134041991,1.2374609202898066,0.23039231379698505,0.1049903738842602,0.1984654160650622,0.21206034121427778,0.03928271880509257,-0.2763027742309992,0.27910118801902845
v17_features,ablation,v17abl-drop_ppg-mlp-w5s,mlp,features,5,all 4,ppg,LOSO 10-fold,10,3,0.5094197891324143,0.10832577629070518,0.35063602039289876,0.04968563276940401,1.283684689656403,0.21241189186788542,0.08331364020644957,0.2345554461542646,0.21805104287171242,0.04697497585743822,-0.0331411341826121,0.1924371918951996
v17_features,ablation,v17abl-drop_temp-lstm-w1s,lstm,features,1,all 4,temp,LOSO 10-fold,10,3,0.15094605074809633,0.07660291248344954,0.22315020263638558,0.026062448738066502,1.0450898070195636,0.29110855075087866,-0.1016092415656049,0.13350718727783825,0.21131000063404723,0.040277085984465104,-0.1659057168491119,0.31552339654940004
v17_features,ablation,v17abl-drop_temp-lstm-w2s,lstm,features,2,all 4,temp,LOSO 10-fold,10,3,0.12406587511156739,0.014410799460321953,0.22189590847852753,0.016456955278037692,0.9913304440063514,0.25335129642567306,-0.16932819418672979,0.10524077010040431,0.209834722323782,0.0385898970921859,-0.2064185555137095,0.2518112764564805
v17_features,ablation,v17abl-drop_temp-lstm-w5s,lstm,features,5,all 4,temp,LOSO 10-fold,10,3,0.12323075042027165,0.01452147285852397,0.2168465185467513,0.016026714712923693,1.1120855532532572,0.24701987815387125,-0.17476054267758007,0.12260049196201556,0.2168380521832652,0.04762602880704261,0.15834908882776896,0.12918057879937933
v17_features,ablation,v17abl-drop_temp-mlp-w1s,mlp,features,1,all 4,temp,LOSO 10-fold,10,3,0.5590501892512217,0.13308197972468302,0.34494823537773756,0.033766479709947096,1.1610093626156226,0.23515186003702715,0.008419314432935452,0.11913029664965483,0.2063569366610003,0.03545013868948369,-0.2927197251417602,0.35539465883111987
v17_features,ablation,v17abl-drop_temp-mlp-w2s,mlp,features,2,all 4,temp,LOSO 10-fold,10,3,0.5514512961732788,0.12772334845951683,0.34253521298950995,0.02815632818281164,1.2498242936819608,0.2754548253796671,0.02372164266258361,0.13282768343992285,0.20866539161714376,0.03678572993477778,-0.2678989143347116,0.2891109642568368
v17_features,ablation,v17abl-drop_temp-mlp-w5s,mlp,features,5,all 4,temp,LOSO 10-fold,10,3,0.5253155864426542,0.12178776950175572,0.34813949291360813,0.036905435216196714,1.293554857978794,0.2746470668287796,0.024668770841225034,0.16639032480017593,0.21526416802112938,0.04505955271496693,-0.025657413403193156,0.20570927556086865
v17_features,multi-task,v17multi-lstm-w1s,lstm,features,1,all 4,none,LOSO 10-fold,10,3,0.3187019965610799,0.10925486257936218,0.3111505026840414,0.0567309440808306,1.1004705749872197,0.2749594833014377,0.23590160274609412,0.21973265018918944,0.15667698497697685,0.056058947903192775,-0.4835059701357606,0.37021205584999395
v17_features,multi-task,v17multi-lstm-w2s,lstm,features,2,all 4,none,LOSO 10-fold,10,3,0.33232039909993305,0.08274879085480366,0.3304256189741132,0.03418988221724683,0.9948676396036856,0.21864704717619693,0.2696941213691803,0.20484180086887044,0.14518406591177843,0.05177610584722476,-0.585674460229847,0.26473738269989494
v17_features,multi-task,v17multi-lstm-w5s,lstm,features,5,all 4,none,LOSO 10-fold,10,3,0.12323075042027165,0.01452147285852397,0.2168465185467513,0.016026714712923693,1.090888174653937,0.2544890917350506,0.20534430856726643,0.18868116568124693,0.2170782260857292,0.04740320565144669,0.1518175224463145,0.13075782969217986
v17_features,multi-task,v17multi-mlp-w1s,mlp,features,1,all 4,none,LOSO 10-fold,10,3,0.5585988620242992,0.14756011824458953,0.3463945351532161,0.030073321622749043,1.1673874337466494,0.2189332558801741,0.277975948231947,0.21959264126825792,0.16012563398608842,0.04288916278427598,-0.45007557373273127,0.439836317864453
v17_features,multi-task,v17multi-mlp-w2s,mlp,features,2,all 4,none,LOSO 10-fold,10,3,0.5295044619130969,0.13749491439993394,0.33970229929273177,0.03360769450903416,1.2355561193695688,0.2360468040739035,0.2248552869472465,0.17452054632988287,0.1684700128301169,0.04846797473504648,-0.46059087110487545,0.290007723356827
v17_features,multi-task,v17multi-mlp-w5s,mlp,features,5,all 4,none,LOSO 10-fold,10,3,0.5288761604260032,0.14176234287393197,0.34527709269445594,0.042542533168433705,1.2972554453972711,0.22437940682816992,0.17910625815438763,0.18172233043494299,0.19825773958223422,0.04800973176325787,-0.007774356007575989,0.22874008690004377
v17_features,single-task,v17single-exercise-mlp-w1s,mlp,features,1,exercise,none,LOSO 10-fold,10,3,0.5498076412892189,0.15546975741936123,,,,,,,,,0.4949444114289786,0.10775070108947266
v17_features,single-task,v17single-fatigue-lstm-w2s,lstm,features,2,fatigue,none,LOSO 10-fold,10,3,,,,,0.9163363181864314,0.1906895996931668,0.14210860253242064,0.1573318410110087,,,0.4634904516048921,0.08752325783129361
v17_features,single-task,v17single-phase-mlp-w1s,mlp,features,1,phase,none,LOSO 10-fold,10,3,,,0.3120263113656406,0.04846852224828531,,,,,,,-0.2775503539864416,0.1576791156234176
v17_features,single-task,v17single-reps-lstm-w2s,lstm,features,2,reps,none,LOSO 10-fold,10,3,,,,,,,,,0.15065596545377186,0.04922577459272015,-1.4535125224019605,0.19132932648236164
v20_raw,multi-task,v20_mt-w1s-cnn1d_raw,cnn1d_raw,raw,1.0,all 4,none,LOSO 10-fold,10,3,0.18458988127373066,0.0785400354256011,0.27320122933518676,0.05500914191050295,1.134559985884394,0.3385781599913065,0.2249991338267028,0.27731308225693213,0.10898020727899912,0.019964433951608258,-0.3597795075282656,0.32895963778687903
v20_raw,multi-task,v20_mt-w1s-cnn_lstm_raw,cnn_lstm_raw,raw,1.0,all 4,none,LOSO 10-fold,10,3,0.3490783384613764,0.1457181148469741,0.3285866875837375,0.035186172453179655,1.1543788690720744,0.2827514870443226,0.18361125659895344,0.3424205105230995,0.11423164884097252,0.021974724391227253,-0.1738945086615496,0.3339133608068652
v20_raw,multi-task,v20_mt-w1s-lstm_raw,lstm_raw,raw,1.0,all 4,none,LOSO 10-fold,10,3,0.28672312838505115,0.11578551600049629,0.29989273864010424,0.0398092430794809,1.0051017075986615,0.18272090082949546,0.2513555142527311,0.31047395968643715,0.10804523783389965,0.019254506036514463,-0.3725290744051389,0.28076698084668883
v20_raw,multi-task,v20_mt-w1s-tcn_raw,tcn_raw,raw,1.0,all 4,none,LOSO 10-fold,10,3,0.2304145430720273,0.10049648893510353,0.32382234205322147,0.04868399980072546,1.0984319071295816,0.2825954447193414,0.23041714278048472,0.34546141412819675,0.11063047893649348,0.02000128221117418,-0.3709710544896499,0.3236375943350326
v20_raw,multi-task,v20_mt-w2s-cnn1d_raw,cnn1d_raw,raw,2.0,all 4,none,LOSO 10-fold,10,3,0.17441302502197645,0.1032031982720644,0.24201698901986518,0.051819500174897504,1.3752223886651362,0.3793958649470107,0.2266975324346306,0.33304437759491173,0.21141548705261035,0.0420460318346546,0.23778003184003058,0.3188131110654323
v20_raw,multi-task,v20_mt-w2s-cnn_lstm_raw,cnn_lstm_raw,raw,2.0,all 4,none,LOSO 10-fold,10,3,0.45934958880800825,0.16371820647444107,0.32069362596664563,0.040595303367158664,1.113707887342883,0.2656551189842368,0.2561803917684075,0.32259178182881193,0.2144577051405989,0.03643154853910988,0.3892006436464023,0.41282214658648286
v20_raw,multi-task,v20_mt-w2s-lstm_raw,lstm_raw,raw,2.0,all 4,none,LOSO 10-fold,10,3,0.16987728414529152,0.09113898518528125,0.21138160625228872,0.01995672569524969,1.1490112275879611,0.206518767213166,0.22519078037551704,0.32167229581989176,0.21300156423377592,0.039906591580806956,0.1737265034628705,0.31982789953713164
v20_raw,multi-task,v20_mt-w2s-tcn_raw,tcn_raw,raw,2.0,all 4,none,LOSO 10-fold,10,3,0.24167541067260523,0.09822736903493273,0.29312051146452756,0.054043307217881295,1.169533747498881,0.2985148396567989,0.23045127655671946,0.325396664020183,0.21282678039723021,0.03600760424281227,0.1819900542471847,0.32464742682892933
v20_raw,multi-task,v20_mt-w5s-cnn1d_raw,cnn1d_raw,raw,5.0,all 4,none,LOSO 10-fold,10,3,0.5235951279337796,0.209864259024081,0.30507866385327204,0.06775910924033168,1.2682039273780128,0.31604614943258347,0.08093624750908998,0.35119574664957764,0.4773339639889405,0.06705643499222771,0.8766524394353231,0.3672215407779862
v20_raw,multi-task,v20_mt-w5s-cnn_lstm_raw,cnn_lstm_raw,raw,5.0,all 4,none,LOSO 10-fold,10,3,0.47311561992581325,0.2028756509360641,0.3138772013266965,0.05938782484634765,1.055505885033744,0.25287503941678047,0.19287199593916943,0.32453678681890025,0.46938067386197785,0.07583223887220654,0.7952908287445705,0.25310093603128503
v20_raw,multi-task,v20_mt-w5s-lstm_raw,lstm_raw,raw,5.0,all 4,none,LOSO 10-fold,10,3,0.2584393043582181,0.11739354805377708,0.20452086928388324,0.032701231032491236,0.980941705188841,0.18263919146607363,0.21519379425287427,0.370710736237627,0.5152976126867528,0.11193691057203188,0.8199769576390584,0.14003064406878676
v20_raw,multi-task,v20_mt-w5s-tcn_raw,tcn_raw,raw,5.0,all 4,none,LOSO 10-fold,10,3,0.26259752779940226,0.11741305932710022,0.2462048934192838,0.06537409392406711,1.0398868540696757,0.25710417307278494,0.22058946187709252,0.32579494148805277,0.5213626367532797,0.11238018614801296,0.9148937543233235,0.13518495784931386
v20_raw,single-task,v20_st-exercise-w1s-cnn1d_raw,cnn1d_raw,raw,1.0,exercise,none,LOSO 10-fold,10,3,0.3266682704406618,0.16935992713348974,,,,,,,,,0.6161531645203202,0.08770440186704241
v20_raw,single-task,v20_st-exercise-w1s-cnn_lstm_raw,cnn_lstm_raw,raw,1.0,exercise,none,LOSO 10-fold,10,3,0.31131608407183176,0.15957709321250502,,,,,,,,,0.5861852679481113,0.08571329465000378
v20_raw,single-task,v20_st-exercise-w1s-lstm_raw,lstm_raw,raw,1.0,exercise,none,LOSO 10-fold,10,3,0.3135402077275565,0.1296552488183174,,,,,,,,,0.5957268335216518,0.050055008941132115
v20_raw,single-task,v20_st-exercise-w1s-tcn_raw,tcn_raw,raw,1.0,exercise,none,LOSO 10-fold,10,3,0.3015630602623013,0.15316193772459832,,,,,,,,,0.5938967071030168,0.09329599408345783
v20_raw,single-task,v20_st-exercise-w2s-cnn1d_raw,cnn1d_raw,raw,2.0,exercise,none,LOSO 10-fold,10,3,0.3560526985209379,0.21457021129613646,,,,,,,,,0.5789711938847062,0.1390253732116931
v20_raw,single-task,v20_st-exercise-w2s-cnn_lstm_raw,cnn_lstm_raw,raw,2.0,exercise,none,LOSO 10-fold,10,3,0.4115991223600417,0.2338436158561793,,,,,,,,,0.5483773573457397,0.16095892814710525
v20_raw,single-task,v20_st-exercise-w2s-lstm_raw,lstm_raw,raw,2.0,exercise,none,LOSO 10-fold,10,3,0.35428684179563413,0.1539138542963986,,,,,,,,,0.5809590370366811,0.0737726802795925
v20_raw,single-task,v20_st-exercise-w2s-tcn_raw,tcn_raw,raw,2.0,exercise,none,LOSO 10-fold,10,3,0.37149353930765777,0.17063364879754306,,,,,,,,,0.573603371475746,0.10320293062135877
v20_raw,single-task,v20_st-exercise-w5s-cnn1d_raw,cnn1d_raw,raw,5.0,exercise,none,LOSO 10-fold,10,3,0.48570501152795365,0.2416828779096936,,,,,,,,,0.47775596628586453,0.229508483544516
v20_raw,single-task,v20_st-exercise-w5s-cnn_lstm_raw,cnn_lstm_raw,raw,5.0,exercise,none,LOSO 10-fold,10,3,0.5095230680807549,0.2663188471667037,,,,,,,,,0.4598516345024109,0.2269409020778056
v20_raw,single-task,v20_st-exercise-w5s-lstm_raw,lstm_raw,raw,5.0,exercise,none,LOSO 10-fold,10,3,0.3278820548204241,0.15078303128941759,,,,,,,,,0.5803728024164836,0.061582766071731285
v20_raw,single-task,v20_st-exercise-w5s-tcn_raw,tcn_raw,raw,5.0,exercise,none,LOSO 10-fold,10,3,0.34646328556623546,0.18102674361029575,,,,,,,,,0.5778331478436788,0.0910656441017574
v20_raw,single-task,v20_st-fatigue-w1s-cnn1d_raw,cnn1d_raw,raw,1.0,fatigue,none,LOSO 10-fold,10,3,,,,,0.9896111925195288,0.2822846109362773,0.2597193577540502,0.3316765872566996,,,0.49517227891513493,0.13595850363545797
v20_raw,single-task,v20_st-fatigue-w1s-cnn_lstm_raw,cnn_lstm_raw,raw,1.0,fatigue,none,LOSO 10-fold,10,3,,,,,0.9054600585199574,0.20747142430793908,0.3268801592889247,0.30672748635587804,,,0.46865842028187676,0.08515447309203449
v20_raw,single-task,v20_st-fatigue-w1s-lstm_raw,lstm_raw,raw,1.0,fatigue,none,LOSO 10-fold,10,3,,,,,0.9021261484525503,0.15899749588357626,0.16336245196191593,0.3381249901034998,,,0.4707762286011639,0.06512145226698962
v20_raw,single-task,v20_st-fatigue-w1s-tcn_raw,tcn_raw,raw,1.0,fatigue,none,LOSO 10-fold,10,3,,,,,0.9186882745917643,0.2335978171647784,0.3342119929058321,0.2841807781541446,,,0.47237399544093595,0.10266235648167074
v20_raw,single-task,v20_st-fatigue-w2s-cnn1d_raw,cnn1d_raw,raw,2.0,fatigue,none,LOSO 10-fold,10,3,,,,,0.969450414456173,0.2585328031405868,0.31427047297749383,0.33579111326905614,,,0.488780534581438,0.11710244375992183
v20_raw,single-task,v20_st-fatigue-w2s-cnn_lstm_raw,cnn_lstm_raw,raw,2.0,fatigue,none,LOSO 10-fold,10,3,,,,,0.9084410987041941,0.1806239458066773,0.23725904411294277,0.34131133009273407,,,0.4584978942886402,0.08389134073677457
v20_raw,single-task,v20_st-fatigue-w2s-lstm_raw,lstm_raw,raw,2.0,fatigue,none,LOSO 10-fold,10,3,,,,,0.9221842990853047,0.19159110247990244,0.12979415381266188,0.28345436541221664,,,0.46454955392211694,0.09026531774913567
v20_raw,single-task,v20_st-fatigue-w2s-tcn_raw,tcn_raw,raw,2.0,fatigue,none,LOSO 10-fold,10,3,,,,,0.9139052862229721,0.2613547784736042,0.3023222933619687,0.3430157877211149,,,0.47815789712215256,0.10300852569164802
v20_raw,single-task,v20_st-fatigue-w5s-cnn1d_raw,cnn1d_raw,raw,5.0,fatigue,none,LOSO 10-fold,10,3,,,,,1.0058302039258586,0.28373326973982,0.23919328451569158,0.3609354710302892,,,0.5035303970177968,0.1358707772948471
v20_raw,single-task,v20_st-fatigue-w5s-cnn_lstm_raw,cnn_lstm_raw,raw,5.0,fatigue,none,LOSO 10-fold,10,3,,,,,0.8988779731917951,0.16401507341953198,0.21774985275971293,0.3252478362913898,,,0.4527592102686564,0.07762281251137483
v20_raw,single-task,v20_st-fatigue-w5s-lstm_raw,lstm_raw,raw,5.0,fatigue,none,LOSO 10-fold,10,3,,,,,0.8921772773005393,0.16069460097847998,0.11146356539131988,0.3248057308721116,,,0.45205774704615276,0.07385521104057324
v20_raw,single-task,v20_st-fatigue-w5s-tcn_raw,tcn_raw,raw,5.0,fatigue,none,LOSO 10-fold,10,3,,,,,0.9229251688372819,0.22668947802255887,0.2987466298497819,0.35145604379496814,,,0.4751740028460821,0.09398739732175064
v20_raw,single-task,v20_st-phase-w1s-cnn1d_raw,cnn1d_raw,raw,1.0,phase,none,LOSO 10-fold,10,3,,,0.3613654471236102,0.03819867911298352,,,,,,,0.1545570895012813,0.09669465150748263
v20_raw,single-task,v20_st-phase-w1s-cnn_lstm_raw,cnn_lstm_raw,raw,1.0,phase,none,LOSO 10-fold,10,3,,,0.37880223182503076,0.0319630433409297,,,,,,,0.144731348360775,0.09540473589626
v20_raw,single-task,v20_st-phase-w1s-lstm_raw,lstm_raw,raw,1.0,phase,none,LOSO 10-fold,10,3,,,0.33312291031819463,0.047978255690674904,,,,,,,0.16811198612501077,0.11881419933331218
v20_raw,single-task,v20_st-phase-w1s-tcn_raw,tcn_raw,raw,1.0,phase,none,LOSO 10-fold,10,3,,,0.36455843590411213,0.03903207042910103,,,,,,,0.15319412509778846,0.10386480345648096
v20_raw,single-task,v20_st-phase-w2s-cnn1d_raw,cnn1d_raw,raw,2.0,phase,none,LOSO 10-fold,10,3,,,0.3398098156892825,0.04530145003285128,,,,,,,-0.02346962032614713,0.13882848877321174
v20_raw,single-task,v20_st-phase-w2s-cnn_lstm_raw,cnn_lstm_raw,raw,2.0,phase,none,LOSO 10-fold,10,3,,,0.3458991305699521,0.03740292937717325,,,,,,,-0.02815229599763242,0.1429853346470872
v20_raw,single-task,v20_st-phase-w2s-lstm_raw,lstm_raw,raw,2.0,phase,none,LOSO 10-fold,10,3,,,0.27096697385921814,0.058528033635707716,,,,,,,-0.03167379976052406,0.09066059211812091
v20_raw,single-task,v20_st-phase-w2s-tcn_raw,tcn_raw,raw,2.0,phase,none,LOSO 10-fold,10,3,,,0.35144098157731507,0.031146549633489434,,,,,,,-0.017969384288360014,0.1521558596676828
v20_raw,single-task,v20_st-phase-w5s-cnn1d_raw,cnn1d_raw,raw,5.0,phase,none,LOSO 10-fold,10,3,,,0.43672233960931,0.0902446775357631,,,,,,,-0.11233594715595245,0.11540069223859964
v20_raw,single-task,v20_st-phase-w5s-cnn_lstm_raw,cnn_lstm_raw,raw,5.0,phase,none,LOSO 10-fold,10,3,,,0.4110156475769536,0.09480290430687474,,,,,,,-0.0925430566072464,0.101187742753012
v20_raw,single-task,v20_st-phase-w5s-lstm_raw,lstm_raw,raw,5.0,phase,none,LOSO 10-fold,10,3,,,0.2553996654789936,0.055105671156127654,,,,,,,-0.0654308299223582,0.05607175965274534
v20_raw,single-task,v20_st-phase-w5s-tcn_raw,tcn_raw,raw,5.0,phase,none,LOSO 10-fold,10,3,,,0.22509082547160109,0.057196991355945595,,,,,,,-0.06252582172552744,0.06153586128645641
v20_raw,single-task,v20_st-reps-w1s-cnn1d_raw,cnn1d_raw,raw,1.0,reps,none,LOSO 10-fold,10,3,,,,,,,,,0.10393731372009372,0.016509087317848236,-1.8021243051011382,0.17163841937875327
v20_raw,single-task,v20_st-reps-w1s-cnn_lstm_raw,cnn_lstm_raw,raw,1.0,reps,none,LOSO 10-fold,10,3,,,,,,,,,0.10657560786056183,0.01652977881819168,-1.794098631420989,0.16020807021354264
v20_raw,single-task,v20_st-reps-w1s-lstm_raw,lstm_raw,raw,1.0,reps,none,LOSO 10-fold,10,3,,,,,,,,,0.11125223607435517,0.022556911236080064,-1.7572066702852422,0.15131013192179543
v20_raw,single-task,v20_st-reps-w1s-tcn_raw,tcn_raw,raw,1.0,reps,none,LOSO 10-fold,10,3,,,,,,,,,0.10427671398166617,0.01656818910425463,-1.8013348914258427,0.16607685251791543
v20_raw,single-task,v20_st-reps-w2s-cnn1d_raw,cnn1d_raw,raw,2.0,reps,none,LOSO 10-fold,10,3,,,,,,,,,0.18514009403306492,0.030484048673215473,-1.2571801830035934,0.15011038335642463
v20_raw,single-task,v20_st-reps-w2s-cnn_lstm_raw,cnn_lstm_raw,raw,2.0,reps,none,LOSO 10-fold,10,3,,,,,,,,,0.19591612797843436,0.03242599563673632,-1.2200801536795125,0.14220655685654127
v20_raw,single-task,v20_st-reps-w2s-lstm_raw,lstm_raw,raw,2.0,reps,none,LOSO 10-fold,10,3,,,,,,,,,0.21359522382011864,0.04072228253719259,-1.1403950287534534,0.13005062754261862
v20_raw,single-task,v20_st-reps-w2s-tcn_raw,tcn_raw,raw,2.0,reps,none,LOSO 10-fold,10,3,,,,,,,,,0.19497593341638478,0.028170866506524252,-1.2078790150377914,0.13078646745764416
v20_raw,single-task,v20_st-reps-w5s-cnn1d_raw,cnn1d_raw,raw,5.0,reps,none,LOSO 10-fold,10,3,,,,,,,,,0.39027149127504823,0.07979675215600263,-0.5058160245418548,0.169322519353563
v20_raw,single-task,v20_st-reps-w5s-cnn_lstm_raw,cnn_lstm_raw,raw,5.0,reps,none,LOSO 10-fold,10,3,,,,,,,,,0.3884465619172488,0.08167224579769897,-0.510928147037824,0.15365687884449217
v20_raw,single-task,v20_st-reps-w5s-lstm_raw,lstm_raw,raw,5.0,reps,none,LOSO 10-fold,10,3,,,,,,,,,0.5158536801596452,0.11977230182294757,-0.3029137194156647,0.14835460667219977
v20_raw,single-task,v20_st-reps-w5s-tcn_raw,tcn_raw,raw,5.0,reps,none,LOSO 10-fold,10,3,,,,,,,,,0.5188951215154728,0.1112631697846766,-0.30894691149393716,0.14741476470093964
v18_features_newacc,multi,v18new-multi-mlp-w1s,mlp,features,1,all 4,none,LOSO 10-fold,10,3,0.5477331536932231,0.13584494436985864,0.3386252513098485,0.027918993820716654,1.1893704837935384,0.2706063911040401,0.28552346974512666,0.2602734248508615,0.17189874816731712,0.03264587292026662,0.34270805160672696,0.6600312698776386
v18_features_newacc,multi,v18new-multi-mlp-w2s,mlp,features,2,all 4,none,LOSO 10-fold,10,3,0.5451973783779461,0.14324548321697517,0.33822983836034065,0.030834277465954404,1.1797003521025582,0.27929484803116567,0.28921729602005963,0.26357475582571493,0.17715368058209652,0.038930044779209604,0.3806757558738302,0.676045666732633
v18_features_newacc,multi,v18new-multi-mlp-w5s,mlp,features,5,all 4,none,LOSO 10-fold,10,3,0.5568210358505202,0.13749061836135115,0.3432026692970267,0.04399255027746062,1.260251869408802,0.2664220940759814,0.2751773790088822,0.2343756669304913,0.18858933268896028,0.034996490874943866,0.4619919747114182,0.5194001610825606
v18_features_newacc,multi,v18new-multi-lstm-w1s,lstm,features,1,all 4,none,LOSO 10-fold,10,3,0.29942156304247114,0.1262276275071929,0.2965599785924565,0.056565695745141774,1.0415175869875617,0.23739077620231663,0.21033928343105152,0.22382223175418478,0.15997203392702858,0.06434949917211817,-0.48168172867196674,0.38956008214164434
v18_features_newacc,multi,v18new-multi-lstm-w2s,lstm,features,2,all 4,none,LOSO 10-fold,10,3,0.3515767485465949,0.0846959910631677,0.33281199750909957,0.03484831729340392,0.9846266115091772,0.20649238027935954,0.23418437050808247,0.19628666060204178,0.14438452194912899,0.050743165761411975,-0.6114040128197853,0.2411733110611853
v18_features_newacc,multi,v18new-multi-lstm-w5s,lstm,features,5,all 4,none,LOSO 10-fold,10,3,0.12326452279446955,0.014565832483894849,0.2152760088657509,0.01560131191591884,1.0262529737453865,0.24491550789659017,0.1773784592943294,0.18834782718876075,0.21606457274123808,0.047470114056113975,0.12722460826237997,0.11890987463334396
v18_features_newacc,single,v18new-single-exercise-mlp-w1s,mlp,features,1,exercise,none,LOSO 10-fold,10,3,0.5480889663500581,0.1698996827366261,-,-,-,-,-,-,-,-,0.545931217210314,0.1995859972711684
v18_features_newacc,single,v18new-single-phase-mlp-w1s,mlp,features,1,phase,none,LOSO 10-fold,10,3,-,-,0.34176308675060796,0.025915935831825755,-,-,-,-,-,-,-0.25561247188509784,0.16891127121393476
v18_features_newacc,single,v18new-single-fatigue-lstm-w2s,lstm,features,2,fatigue,none,LOSO 10-fold,10,3,-,-,-,-,0.9127718169543861,0.1965384574048103,0.13262125058292043,0.17010840793048085,-,-,0.4621093623913251,0.08991706633192541
v18_features_newacc,single,v18new-single-reps-lstm-w2s,lstm,features,2,reps,none,LOSO 10-fold,10,3,-,-,-,-,-,-,-,-,0.14627899584161064,0.048287942193582824,-1.474731848507601,0.1932358160422943
